City;Avg_Profit_Per_Order
Jamestown;642.8857499999999
Independence;487.8315
Lafayette;333.3848766666667
Minneapolis;296.72106956521736
Appleton;277.38315
