Year;Segment;Total_Sales;Total_Profit
NULL;Consumer;1150166.1819999903;132669.77519999977
NULL;Corporate;696604.5138000002;90366.3009000002
NULL;"Home Office";425679.1605000003;59821.678100000085
